{
  "name": "automata/FaMoS/multi_room_heating.json",
  "train_tc": 0.0,
  "clustering_error": 0,
  "tc": 0.655,
  "max_diff": 0.23908202308473755,
  "mean_diff": 0.018920834858702624,
  "time": [
    [
      "change_points",
      2.3047637939453125
    ],
    [
      "clustering",
      2.6138861179351807
    ],
    [
      "guard_learning",
      0.1613309383392334
    ],
    [
      "total",
      5.312272787094116
    ]
  ],
  "status": "ok"
}