{
  "name": "automata/ATVA/ball.json",
  "train_tc": 0.0,
  "clustering_error": 0,
  "tc": 0.0,
  "max_diff": 7.4643533743709e-14,
  "mean_diff": 6.600060033925575e-15,
  "time": [
    [
      "change_points",
      1.0295274257659912
    ],
    [
      "clustering",
      0.43671655654907227
    ],
    [
      "guard_learning",
      0.3394510746002197
    ],
    [
      "total",
      1.8600988388061523
    ]
  ],
  "status": "ok"
}