{
  "name": "automata/linear/dc_motor_position_PID.json",
  "train_tc": 0.0,
  "clustering_error": 0,
  "tc": 0.0,
  "max_diff": 1.5234199033969287e-06,
  "mean_diff": 3.3539246724138134e-08,
  "time": [
    [
      "change_points",
      3.0355381965637207
    ],
    [
      "clustering",
      2.665222644805908
    ],
    [
      "guard_learning",
      0.06780767440795898
    ],
    [
      "total",
      6.158572435379028
    ]
  ],
  "status": "ok"
}