{
  "name": "automata/linear/linear_1.json",
  "train_tc": 0.01,
  "clustering_error": 0,
  "tc": 0.0,
  "max_diff": 3.142895556965005e-13,
  "mean_diff": 5.85397567643572e-14,
  "time": [
    [
      "change_points",
      1.393279790878296
    ],
    [
      "clustering",
      1.5233254432678223
    ],
    [
      "guard_learning",
      0.7612903118133545
    ],
    [
      "total",
      3.8436074256896973
    ]
  ],
  "status": "ok"
}