{
  "name": "automata/linear/loop.json",
  "train_tc": 0.0,
  "clustering_error": 0,
  "tc": 0.0,
  "max_diff": 6.478548245765059e-11,
  "mean_diff": 9.92878399808109e-13,
  "time": [
    [
      "change_points",
      2.0814900398254395
    ],
    [
      "clustering",
      1.633493423461914
    ],
    [
      "guard_learning",
      0.009523153305053711
    ],
    [
      "total",
      3.8703248500823975
    ]
  ],
  "status": "ok"
}