{
  "name": "automata/FaMoS/buck_converter.json",
  "train_tc": 0.0,
  "clustering_error": 0,
  "tc": 0.0,
  "max_diff": 4.5428157996089093e-13,
  "mean_diff": 7.7222452664436e-14,
  "time": [
    [
      "change_points",
      2.2651541233062744
    ],
    [
      "clustering",
      1.635024070739746
    ],
    [
      "guard_learning",
      0.03658771514892578
    ],
    [
      "total",
      4.143442153930664
    ]
  ],
  "status": "ok"
}