{
  "name": "automata/FaMoS/multi_room_heating.json",
  "train_tc": 0.0,
  "clustering_error": 0,
  "tc": 0.655,
  "max_diff": 0.23908202308473755,
  "mean_diff": 0.018920834858702624,
  "time": [
    [
      "change_points",
      2.5897276401519775
    ],
    [
      "clustering",
      2.7460618019104004
    ],
    [
      "guard_learning",
      0.17812299728393555
    ],
    [
      "total",
      5.773308277130127
    ]
  ],
  "status": "ok"
}