{
  "name": "automata/FaMoS/simple_heating_system.json",
  "train_tc": 0.0,
  "clustering_error": 0,
  "tc": 0.02,
  "max_diff": 0.01016516716000248,
  "mean_diff": 0.0006897129524072085,
  "time": [
    [
      "change_points",
      1.1801791191101074
    ],
    [
      "clustering",
      0.4297976493835449
    ],
    [
      "guard_learning",
      0.011600494384765625
    ],
    [
      "total",
      1.7257273197174072
    ]
  ],
  "status": "ok"
}