{
  "name": "automata/FaMoS/three_state_ha.json",
  "train_tc": 0.0,
  "clustering_error": 0,
  "tc": 0.0,
  "max_diff": 3.44811553347123e-08,
  "mean_diff": 6.554969530852954e-10,
  "time": [
    [
      "change_points",
      1.102302074432373
    ],
    [
      "clustering",
      0.5497434139251709
    ],
    [
      "guard_learning",
      0.008949995040893555
    ],
    [
      "total",
      1.7221710681915283
    ]
  ],
  "status": "ok"
}