{
  "name": "automata/FaMoS/two_state_ha.json",
  "train_tc": 0.0,
  "clustering_error": 0,
  "tc": 0.0,
  "max_diff": 4.729784213450976e-10,
  "mean_diff": 9.714246725719056e-11,
  "time": [
    [
      "change_points",
      1.1388177871704102
    ],
    [
      "clustering",
      0.37548089027404785
    ],
    [
      "guard_learning",
      0.008562564849853516
    ],
    [
      "total",
      1.6292798519134521
    ]
  ],
  "status": "ok"
}