{
  "name": "automata/RHA/BouncingBall.json",
  "train_tc": 0.88,
  "clustering_error": 2,
  "tc": 0.0,
  "max_diff": 17.381780398677225,
  "mean_diff": 2.917689273536284,
  "time": [
    [
      "change_points",
      0.2210543155670166
    ],
    [
      "clustering",
      0.015468358993530273
    ],
    [
      "guard_learning",
      4.76837158203125e-05
    ],
    [
      "total",
      0.23734116554260254
    ]
  ],
  "status": "ok"
}