{"name": "./automata/non_linear/duffing.json", "train_tc": 0.0, "clustering_error": 0, "tc": 0.001, "max_diff": 0.00028039498970141284, "mean_diff": 2.777396422730935e-05, "time": [["change_points", 4.426950693130493], ["clustering", 2.3697290420532227], ["guard_learning", 0.041738033294677734], ["total", 7.187600374221802]]}