{"name": "./automata/non_linear/duffing.json", "train_tc": 0.0, "clustering_error": 0, "tc": 0.001, "max_diff": 0.0002803975194904743, "mean_diff": 2.7774150397216496e-05, "time": [["change_points", 3.4596059322357178], ["clustering", 1.830810785293579], ["guard_learning", 0.04129219055175781], ["total", 5.583436727523804]]}