{"name": "./automata/non_linear/duffing.json", "train_tc": 0.0, "clustering_error": 0, "tc": 0.001, "max_diff": 0.0002804024764622802, "mean_diff": 2.7774312801762586e-05, "time": [["change_points", 7.399473428726196], ["clustering", 3.4945266246795654], ["guard_learning", 0.08553194999694824], ["total", 11.520033121109009]]}