{"name": "./automata/non_linear/duffing.json", "train_tc": 0.0, "clustering_error": 0, "tc": 0.001, "max_diff": 0.0002804024764622802, "mean_diff": 2.7774312801762586e-05, "time": [["change_points", 6.864661931991577], ["clustering", 3.369694471359253], ["guard_learning", 0.07678341865539551], ["total", 10.803839445114136]]}