{
  "name": "automata/non_linear/duffing.json",
  "train_tc": 0.0,
  "clustering_error": 0,
  "tc": 0.001,
  "max_diff": 0.0002804024764622802,
  "mean_diff": 2.7774312801762586e-05,
  "time": [
    [
      "change_points",
      7.292949914932251
    ],
    [
      "clustering",
      3.7236573696136475
    ],
    [
      "guard_learning",
      0.08976531028747559
    ],
    [
      "total",
      11.65775728225708
    ]
  ],
  "status": "ok"
}