{
  "name": "automata/non_linear/lotkaVolterra.json",
  "train_tc": 0.0,
  "clustering_error": 0,
  "tc": 0.02,
  "max_diff": 0.004650569013805353,
  "mean_diff": 0.0005636821593383775,
  "time": [
    [
      "change_points",
      1.0239903926849365
    ],
    [
      "clustering",
      0.4431138038635254
    ],
    [
      "guard_learning",
      0.03642892837524414
    ],
    [
      "total",
      1.5792114734649658
    ]
  ],
  "status": "ok"
}