{
  "name": "automata/non_linear/oscillator.json",
  "train_tc": 0.0,
  "clustering_error": 0,
  "tc": 0.0,
  "max_diff": 6.105921235404822e-07,
  "mean_diff": 1.3796423435875687e-07,
  "time": [
    [
      "change_points",
      1.3523027896881104
    ],
    [
      "clustering",
      0.6590640544891357
    ],
    [
      "guard_learning",
      0.0054743289947509766
    ],
    [
      "total",
      2.1047592163085938
    ]
  ],
  "status": "ok"
}