{
  "name": "automata/non_linear/spacecraft.json",
  "train_tc": 0.0,
  "clustering_error": 0,
  "tc": 0.0,
  "max_diff": 7.519201512144695e-11,
  "mean_diff": 1.055955338265204e-11,
  "time": [
    [
      "change_points",
      2.5043840408325195
    ],
    [
      "clustering",
      0.9897496700286865
    ],
    [
      "guard_learning",
      0.023510217666625977
    ],
    [
      "total",
      3.7201156616210938
    ]
  ],
  "status": "ok"
}