{
  "name": "automata/non_linear/sys_bio.json",
  "train_tc": 0.0,
  "clustering_error": 0,
  "tc": 0.012,
  "max_diff": 0.09598828000399706,
  "mean_diff": 0.008125399965794896,
  "time": [
    [
      "change_points",
      23.453479766845703
    ],
    [
      "clustering",
      16.183067321777344
    ],
    [
      "guard_learning",
      0.26793551445007324
    ],
    [
      "total",
      42.219566822052
    ]
  ],
  "status": "ok"
}