{
  "name": "automata/ATVA/oci.json",
  "train_tc": 0.0,
  "clustering_error": 0,
  "tc": 0.0,
  "max_diff": 1.4354080090861647e-14,
  "mean_diff": 4.667413497208407e-15,
  "time": [
    [
      "change_points",
      2.0279924869537354
    ],
    [
      "clustering",
      0.6473219394683838
    ],
    [
      "guard_learning",
      0.048391103744506836
    ],
    [
      "total",
      2.8725295066833496
    ]
  ],
  "status": "ok"
}