{
  "name": "automata/linear/underdamped_system.json",
  "train_tc": 0.0,
  "clustering_error": 0,
  "tc": 0.0,
  "max_diff": 1.7265813257266283e-12,
  "mean_diff": 2.3586520323687753e-13,
  "time": [
    [
      "change_points",
      2.8053946495056152
    ],
    [
      "clustering",
      1.0687291622161865
    ],
    [
      "guard_learning",
      0.05184626579284668
    ],
    [
      "total",
      4.079620838165283
    ]
  ],
  "status": "ok"
}